type,subnet,specifics,source,Status,Environments,Destinations,Sources
PolicyType.Reachability,125.20.199.34/31,0,124-69-215-71,PolicyStatus.HOLDSNOT,{9},{124-69-215-8:Vlanif600 (125.20.199.34/31)},124-69-215-71
PolicyType.Reachability,125.20.199.34/31,0,124-69-215-106,PolicyStatus.HOLDSNOT,{9},{124-69-215-8:Vlanif600 (125.20.199.34/31)},124-69-215-106
PolicyType.Reachability,125.20.199.34/31,0,124-69-215-145,PolicyStatus.HOLDSNOT,{9},{124-69-215-8:Vlanif600 (125.20.199.34/31)},124-69-215-145
PolicyType.Reachability,125.20.199.33/32,0,124-69-215-71,PolicyStatus.HOLDSNOT,{9},{124-69-215-8:Vlanif600 (125.20.199.33/32)},124-69-215-71
PolicyType.Reachability,125.20.199.33/32,0,124-69-215-106,PolicyStatus.HOLDSNOT,{9},{124-69-215-8:Vlanif600 (125.20.199.33/32)},124-69-215-106
PolicyType.Reachability,125.20.199.33/32,0,124-69-215-145,PolicyStatus.HOLDSNOT,{9},{124-69-215-8:Vlanif600 (125.20.199.33/32)},124-69-215-145
PolicyType.Reachability,125.20.199.0/27,0,124-69-215-71,PolicyStatus.HOLDSNOT,{9},{124-69-215-8:Vlanif600 (125.20.199.0/27)},124-69-215-71
PolicyType.Reachability,125.20.199.0/27,0,124-69-215-106,PolicyStatus.HOLDSNOT,{9},{124-69-215-8:Vlanif600 (125.20.199.0/27)},124-69-215-106
PolicyType.Reachability,125.20.199.0/27,0,124-69-215-145,PolicyStatus.HOLDSNOT,{9},{124-69-215-8:Vlanif600 (125.20.199.0/27)},124-69-215-145
PolicyType.Reachability,125.20.198.191/32,0,124-69-215-71,PolicyStatus.HOLDSNOT,{9},{124-69-215-106:Vlanif600 (125.20.198.191/32)},124-69-215-71
PolicyType.Reachability,125.20.198.191/32,0,124-69-215-8,PolicyStatus.HOLDSNOT,{9},{124-69-215-106:Vlanif600 (125.20.198.191/32)},124-69-215-8
PolicyType.Reachability,125.20.198.191/32,0,124-69-215-145,PolicyStatus.HOLDSNOT,{9},{124-69-215-106:Vlanif600 (125.20.198.191/32)},124-69-215-145
PolicyType.Reachability,125.20.198.190/32,0,124-69-215-71,PolicyStatus.HOLDSNOT,{9},{124-69-215-106:Vlanif600 (125.20.198.190/32)},124-69-215-71
PolicyType.Reachability,125.20.198.190/32,0,124-69-215-8,PolicyStatus.HOLDSNOT,{9},{124-69-215-106:Vlanif600 (125.20.198.190/32)},124-69-215-8
PolicyType.Reachability,125.20.198.190/32,0,124-69-215-145,PolicyStatus.HOLDSNOT,{9},{124-69-215-106:Vlanif600 (125.20.198.190/32)},124-69-215-145
PolicyType.Reachability,125.20.198.128/27,0,124-69-215-71,PolicyStatus.HOLDSNOT,{9},{124-69-215-106:Vlanif600 (125.20.198.128/27)},124-69-215-71
PolicyType.Reachability,125.20.198.128/27,0,124-69-215-8,PolicyStatus.HOLDSNOT,{9},{124-69-215-106:Vlanif600 (125.20.198.128/27)},124-69-215-8
PolicyType.Reachability,125.20.198.128/27,0,124-69-215-145,PolicyStatus.HOLDSNOT,{9},{124-69-215-106:Vlanif600 (125.20.198.128/27)},124-69-215-145
PolicyType.Reachability,125.20.192.31/32,0,124-69-215-71,PolicyStatus.HOLDSNOT,{9},{124-69-215-145:Vlanif600 (125.20.192.31/32)},124-69-215-71
PolicyType.Reachability,125.20.192.31/32,0,124-69-215-8,PolicyStatus.HOLDSNOT,{9},{124-69-215-145:Vlanif600 (125.20.192.31/32)},124-69-215-8
PolicyType.Reachability,125.20.192.31/32,0,124-69-215-106,PolicyStatus.HOLDSNOT,{9},{124-69-215-145:Vlanif600 (125.20.192.31/32)},124-69-215-106
PolicyType.Reachability,125.20.192.30/32,0,124-69-215-71,PolicyStatus.HOLDSNOT,{9},{124-69-215-145:Vlanif600 (125.20.192.30/32)},124-69-215-71
PolicyType.Reachability,125.20.192.30/32,0,124-69-215-8,PolicyStatus.HOLDSNOT,{9},{124-69-215-145:Vlanif600 (125.20.192.30/32)},124-69-215-8
PolicyType.Reachability,125.20.192.30/32,0,124-69-215-106,PolicyStatus.HOLDSNOT,{9},{124-69-215-145:Vlanif600 (125.20.192.30/32)},124-69-215-106
PolicyType.Reachability,125.20.192.0/28,0,124-69-215-71,PolicyStatus.HOLDSNOT,{9},{124-69-215-145:Vlanif600 (125.20.192.0/28)},124-69-215-71
PolicyType.Reachability,125.20.192.0/28,0,124-69-215-8,PolicyStatus.HOLDSNOT,{9},{124-69-215-145:Vlanif600 (125.20.192.0/28)},124-69-215-8
PolicyType.Reachability,125.20.192.0/28,0,124-69-215-106,PolicyStatus.HOLDSNOT,{9},{124-69-215-145:Vlanif600 (125.20.192.0/28)},124-69-215-106
PolicyType.Isolation,124.69.22.251/32,0,124-69-215-106,PolicyStatus.HOLDS,{9},{124-69-215-71:Vlanif329 (124.69.22.251/32)},124-69-215-106
PolicyType.Isolation,124.69.22.251/32,0,124-69-215-8,PolicyStatus.HOLDS,{9},{124-69-215-71:Vlanif329 (124.69.22.251/32)},124-69-215-8
PolicyType.Isolation,124.69.22.251/32,0,124-69-215-145,PolicyStatus.HOLDS,{9},{124-69-215-71:Vlanif329 (124.69.22.251/32)},124-69-215-145
PolicyType.Isolation,124.69.22.250/32,0,124-69-215-106,PolicyStatus.HOLDS,{9},{124-69-215-71:Vlanif329 (124.69.22.250/32)},124-69-215-106
PolicyType.Isolation,124.69.22.250/32,0,124-69-215-8,PolicyStatus.HOLDS,{9},{124-69-215-71:Vlanif329 (124.69.22.250/32)},124-69-215-8
PolicyType.Isolation,124.69.22.250/32,0,124-69-215-145,PolicyStatus.HOLDS,{9},{124-69-215-71:Vlanif329 (124.69.22.250/32)},124-69-215-145
PolicyType.Isolation,124.69.22.243/32,0,124-69-215-106,PolicyStatus.HOLDS,{9},{124-69-215-71:Vlanif327 (124.69.22.243/32)},124-69-215-106
PolicyType.Isolation,124.69.22.243/32,0,124-69-215-8,PolicyStatus.HOLDS,{9},{124-69-215-71:Vlanif327 (124.69.22.243/32)},124-69-215-8
PolicyType.Isolation,124.69.22.243/32,0,124-69-215-145,PolicyStatus.HOLDS,{9},{124-69-215-71:Vlanif327 (124.69.22.243/32)},124-69-215-145
PolicyType.Isolation,124.69.22.242/32,0,124-69-215-106,PolicyStatus.HOLDS,{9},{124-69-215-71:Vlanif327 (124.69.22.242/32)},124-69-215-106
PolicyType.Isolation,124.69.22.242/32,0,124-69-215-8,PolicyStatus.HOLDS,{9},{124-69-215-71:Vlanif327 (124.69.22.242/32)},124-69-215-8
PolicyType.Isolation,124.69.22.242/32,0,124-69-215-145,PolicyStatus.HOLDS,{9},{124-69-215-71:Vlanif327 (124.69.22.242/32)},124-69-215-145
PolicyType.Isolation,124.69.22.233/32,0,124-69-215-106,PolicyStatus.HOLDS,{9},{124-69-215-71:Vlanif326 (124.69.22.233/32)},124-69-215-106
PolicyType.Isolation,124.69.22.233/32,0,124-69-215-8,PolicyStatus.HOLDS,{9},{124-69-215-71:Vlanif326 (124.69.22.233/32)},124-69-215-8
PolicyType.Isolation,124.69.22.233/32,0,124-69-215-145,PolicyStatus.HOLDS,{9},{124-69-215-71:Vlanif326 (124.69.22.233/32)},124-69-215-145
PolicyType.Isolation,124.69.22.232/32,0,124-69-215-106,PolicyStatus.HOLDS,{9},{124-69-215-71:Vlanif326 (124.69.22.232/32)},124-69-215-106
PolicyType.Isolation,124.69.22.232/32,0,124-69-215-8,PolicyStatus.HOLDS,{9},{124-69-215-71:Vlanif326 (124.69.22.232/32)},124-69-215-8
PolicyType.Isolation,124.69.22.232/32,0,124-69-215-145,PolicyStatus.HOLDS,{9},{124-69-215-71:Vlanif326 (124.69.22.232/32)},124-69-215-145
PolicyType.Isolation,124.69.22.231/32,0,124-69-215-106,PolicyStatus.HOLDS,{9},{124-69-215-71:Vlanif325 (124.69.22.231/32)},124-69-215-106
PolicyType.Isolation,124.69.22.231/32,0,124-69-215-8,PolicyStatus.HOLDS,{9},{124-69-215-71:Vlanif325 (124.69.22.231/32)},124-69-215-8
PolicyType.Isolation,124.69.22.231/32,0,124-69-215-145,PolicyStatus.HOLDS,{9},{124-69-215-71:Vlanif325 (124.69.22.231/32)},124-69-215-145
PolicyType.Isolation,124.69.22.230/32,0,124-69-215-106,PolicyStatus.HOLDS,{9},{124-69-215-71:Vlanif325 (124.69.22.230/32)},124-69-215-106
PolicyType.Isolation,124.69.22.230/32,0,124-69-215-8,PolicyStatus.HOLDS,{9},{124-69-215-71:Vlanif325 (124.69.22.230/32)},124-69-215-8
PolicyType.Isolation,124.69.22.230/32,0,124-69-215-145,PolicyStatus.HOLDS,{9},{124-69-215-71:Vlanif325 (124.69.22.230/32)},124-69-215-145
PolicyType.Isolation,124.69.22.221/32,0,124-69-215-106,PolicyStatus.HOLDS,{9},{124-69-215-71:Vlanif319 (124.69.22.221/32)},124-69-215-106
PolicyType.Isolation,124.69.22.221/32,0,124-69-215-8,PolicyStatus.HOLDS,{9},{124-69-215-71:Vlanif319 (124.69.22.221/32)},124-69-215-8
PolicyType.Isolation,124.69.22.221/32,0,124-69-215-145,PolicyStatus.HOLDS,{9},{124-69-215-71:Vlanif319 (124.69.22.221/32)},124-69-215-145
PolicyType.Isolation,124.69.22.220/32,0,124-69-215-106,PolicyStatus.HOLDS,{9},{124-69-215-71:Vlanif319 (124.69.22.220/32)},124-69-215-106
PolicyType.Isolation,124.69.22.220/32,0,124-69-215-8,PolicyStatus.HOLDS,{9},{124-69-215-71:Vlanif319 (124.69.22.220/32)},124-69-215-8
PolicyType.Isolation,124.69.22.220/32,0,124-69-215-145,PolicyStatus.HOLDS,{9},{124-69-215-71:Vlanif319 (124.69.22.220/32)},124-69-215-145
PolicyType.Isolation,124.69.22.215/32,0,124-69-215-106,PolicyStatus.HOLDS,{9},{124-69-215-71:Vlanif321 (124.69.22.215/32)},124-69-215-106
PolicyType.Isolation,124.69.22.215/32,0,124-69-215-8,PolicyStatus.HOLDS,{9},{124-69-215-71:Vlanif321 (124.69.22.215/32)},124-69-215-8
PolicyType.Isolation,124.69.22.215/32,0,124-69-215-145,PolicyStatus.HOLDS,{9},{124-69-215-71:Vlanif321 (124.69.22.215/32)},124-69-215-145
PolicyType.Isolation,124.69.22.214/32,0,124-69-215-106,PolicyStatus.HOLDS,{9},{124-69-215-71:Vlanif321 (124.69.22.214/32)},124-69-215-106
PolicyType.Isolation,124.69.22.214/32,0,124-69-215-8,PolicyStatus.HOLDS,{9},{124-69-215-71:Vlanif321 (124.69.22.214/32)},124-69-215-8
PolicyType.Isolation,124.69.22.214/32,0,124-69-215-145,PolicyStatus.HOLDS,{9},{124-69-215-71:Vlanif321 (124.69.22.214/32)},124-69-215-145
PolicyType.Isolation,124.69.22.209/32,0,124-69-215-106,PolicyStatus.HOLDS,{9},{124-69-215-71:Vlanif320 (124.69.22.209/32)},124-69-215-106
PolicyType.Isolation,124.69.22.209/32,0,124-69-215-8,PolicyStatus.HOLDS,{9},{124-69-215-71:Vlanif320 (124.69.22.209/32)},124-69-215-8
PolicyType.Isolation,124.69.22.209/32,0,124-69-215-145,PolicyStatus.HOLDS,{9},{124-69-215-71:Vlanif320 (124.69.22.209/32)},124-69-215-145
PolicyType.Isolation,124.69.22.208/32,0,124-69-215-106,PolicyStatus.HOLDS,{9},{124-69-215-71:Vlanif320 (124.69.22.208/32)},124-69-215-106
PolicyType.Isolation,124.69.22.208/32,0,124-69-215-8,PolicyStatus.HOLDS,{9},{124-69-215-71:Vlanif320 (124.69.22.208/32)},124-69-215-8
PolicyType.Isolation,124.69.22.208/32,0,124-69-215-145,PolicyStatus.HOLDS,{9},{124-69-215-71:Vlanif320 (124.69.22.208/32)},124-69-215-145
PolicyType.Isolation,124.69.22.205/32,0,124-69-215-106,PolicyStatus.HOLDS,{9},{124-69-215-71:Vlanif323 (124.69.22.205/32)},124-69-215-106
PolicyType.Isolation,124.69.22.205/32,0,124-69-215-8,PolicyStatus.HOLDS,{9},{124-69-215-71:Vlanif323 (124.69.22.205/32)},124-69-215-8
PolicyType.Isolation,124.69.22.205/32,0,124-69-215-145,PolicyStatus.HOLDS,{9},{124-69-215-71:Vlanif323 (124.69.22.205/32)},124-69-215-145
PolicyType.Isolation,124.69.22.204/32,0,124-69-215-106,PolicyStatus.HOLDS,{9},{124-69-215-71:Vlanif323 (124.69.22.204/32)},124-69-215-106
PolicyType.Isolation,124.69.22.204/32,0,124-69-215-8,PolicyStatus.HOLDS,{9},{124-69-215-71:Vlanif323 (124.69.22.204/32)},124-69-215-8
PolicyType.Isolation,124.69.22.204/32,0,124-69-215-145,PolicyStatus.HOLDS,{9},{124-69-215-71:Vlanif323 (124.69.22.204/32)},124-69-215-145
PolicyType.Isolation,124.69.22.199/32,0,124-69-215-106,PolicyStatus.HOLDS,{9},{124-69-215-71:Vlanif322 (124.69.22.199/32)},124-69-215-106
PolicyType.Isolation,124.69.22.199/32,0,124-69-215-8,PolicyStatus.HOLDS,{9},{124-69-215-71:Vlanif322 (124.69.22.199/32)},124-69-215-8
PolicyType.Isolation,124.69.22.199/32,0,124-69-215-145,PolicyStatus.HOLDS,{9},{124-69-215-71:Vlanif322 (124.69.22.199/32)},124-69-215-145
PolicyType.Isolation,124.69.22.198/32,0,124-69-215-106,PolicyStatus.HOLDS,{9},{124-69-215-71:Vlanif322 (124.69.22.198/32)},124-69-215-106
PolicyType.Isolation,124.69.22.198/32,0,124-69-215-8,PolicyStatus.HOLDS,{9},{124-69-215-71:Vlanif322 (124.69.22.198/32)},124-69-215-8
PolicyType.Isolation,124.69.22.198/32,0,124-69-215-145,PolicyStatus.HOLDS,{9},{124-69-215-71:Vlanif322 (124.69.22.198/32)},124-69-215-145
PolicyType.Isolation,124.69.22.181/32,0,124-69-215-106,PolicyStatus.HOLDS,{9},{124-69-215-71:Vlanif331 (124.69.22.181/32)},124-69-215-106
PolicyType.Isolation,124.69.22.181/32,0,124-69-215-8,PolicyStatus.HOLDS,{9},{124-69-215-71:Vlanif331 (124.69.22.181/32)},124-69-215-8
PolicyType.Isolation,124.69.22.181/32,0,124-69-215-145,PolicyStatus.HOLDS,{9},{124-69-215-71:Vlanif331 (124.69.22.181/32)},124-69-215-145
PolicyType.Isolation,124.69.22.180/32,0,124-69-215-106,PolicyStatus.HOLDS,{9},{124-69-215-71:Vlanif331 (124.69.22.180/32)},124-69-215-106
PolicyType.Isolation,124.69.22.180/32,0,124-69-215-8,PolicyStatus.HOLDS,{9},{124-69-215-71:Vlanif331 (124.69.22.180/32)},124-69-215-8
PolicyType.Isolation,124.69.22.180/32,0,124-69-215-145,PolicyStatus.HOLDS,{9},{124-69-215-71:Vlanif331 (124.69.22.180/32)},124-69-215-145
PolicyType.Isolation,124.69.22.177/32,0,124-69-215-106,PolicyStatus.HOLDS,{9},{124-69-215-71:Vlanif332 (124.69.22.177/32)},124-69-215-106
PolicyType.Isolation,124.69.22.177/32,0,124-69-215-8,PolicyStatus.HOLDS,{9},{124-69-215-71:Vlanif332 (124.69.22.177/32)},124-69-215-8
PolicyType.Isolation,124.69.22.177/32,0,124-69-215-145,PolicyStatus.HOLDS,{9},{124-69-215-71:Vlanif332 (124.69.22.177/32)},124-69-215-145
PolicyType.Isolation,124.69.22.176/32,0,124-69-215-106,PolicyStatus.HOLDS,{9},{124-69-215-71:Vlanif332 (124.69.22.176/32)},124-69-215-106
PolicyType.Isolation,124.69.22.176/32,0,124-69-215-8,PolicyStatus.HOLDS,{9},{124-69-215-71:Vlanif332 (124.69.22.176/32)},124-69-215-8
PolicyType.Isolation,124.69.22.176/32,0,124-69-215-145,PolicyStatus.HOLDS,{9},{124-69-215-71:Vlanif332 (124.69.22.176/32)},124-69-215-145
PolicyType.Isolation,124.69.22.171/32,0,124-69-215-106,PolicyStatus.HOLDS,{9},{124-69-215-71:Vlanif328 (124.69.22.171/32)},124-69-215-106
PolicyType.Isolation,124.69.22.171/32,0,124-69-215-8,PolicyStatus.HOLDS,{9},{124-69-215-71:Vlanif328 (124.69.22.171/32)},124-69-215-8
PolicyType.Isolation,124.69.22.171/32,0,124-69-215-145,PolicyStatus.HOLDS,{9},{124-69-215-71:Vlanif328 (124.69.22.171/32)},124-69-215-145
PolicyType.Isolation,124.69.22.170/32,0,124-69-215-106,PolicyStatus.HOLDS,{9},{124-69-215-71:Vlanif328 (124.69.22.170/32)},124-69-215-106
PolicyType.Isolation,124.69.22.170/32,0,124-69-215-8,PolicyStatus.HOLDS,{9},{124-69-215-71:Vlanif328 (124.69.22.170/32)},124-69-215-8
PolicyType.Isolation,124.69.22.170/32,0,124-69-215-145,PolicyStatus.HOLDS,{9},{124-69-215-71:Vlanif328 (124.69.22.170/32)},124-69-215-145
PolicyType.Isolation,124.69.22.167/32,0,124-69-215-106,PolicyStatus.HOLDS,{9},{124-69-215-71:Vlanif330 (124.69.22.167/32)},124-69-215-106
PolicyType.Isolation,124.69.22.167/32,0,124-69-215-8,PolicyStatus.HOLDS,{9},{124-69-215-71:Vlanif330 (124.69.22.167/32)},124-69-215-8
PolicyType.Isolation,124.69.22.167/32,0,124-69-215-145,PolicyStatus.HOLDS,{9},{124-69-215-71:Vlanif330 (124.69.22.167/32)},124-69-215-145
PolicyType.Isolation,124.69.22.166/32,0,124-69-215-106,PolicyStatus.HOLDS,{9},{124-69-215-71:Vlanif330 (124.69.22.166/32)},124-69-215-106
PolicyType.Isolation,124.69.22.166/32,0,124-69-215-8,PolicyStatus.HOLDS,{9},{124-69-215-71:Vlanif330 (124.69.22.166/32)},124-69-215-8
PolicyType.Isolation,124.69.22.166/32,0,124-69-215-145,PolicyStatus.HOLDS,{9},{124-69-215-71:Vlanif330 (124.69.22.166/32)},124-69-215-145
PolicyType.Isolation,124.69.22.127/32,0,124-69-215-106,PolicyStatus.HOLDS,{9},{124-69-215-71:Vlanif318 (124.69.22.127/32)},124-69-215-106
PolicyType.Isolation,124.69.22.127/32,0,124-69-215-8,PolicyStatus.HOLDS,{9},{124-69-215-71:Vlanif318 (124.69.22.127/32)},124-69-215-8
PolicyType.Isolation,124.69.22.127/32,0,124-69-215-145,PolicyStatus.HOLDS,{9},{124-69-215-71:Vlanif318 (124.69.22.127/32)},124-69-215-145
PolicyType.Isolation,124.69.22.126/32,0,124-69-215-106,PolicyStatus.HOLDS,{9},{124-69-215-71:Vlanif318 (124.69.22.126/32)},124-69-215-106
PolicyType.Isolation,124.69.22.126/32,0,124-69-215-8,PolicyStatus.HOLDS,{9},{124-69-215-71:Vlanif318 (124.69.22.126/32)},124-69-215-8
PolicyType.Isolation,124.69.22.126/32,0,124-69-215-145,PolicyStatus.HOLDS,{9},{124-69-215-71:Vlanif318 (124.69.22.126/32)},124-69-215-145
PolicyType.Isolation,124.69.22.113/32,0,124-69-215-106,PolicyStatus.HOLDS,{9},{124-69-215-71:Vlanif316 (124.69.22.113/32)},124-69-215-106
PolicyType.Isolation,124.69.22.113/32,0,124-69-215-8,PolicyStatus.HOLDS,{9},{124-69-215-71:Vlanif316 (124.69.22.113/32)},124-69-215-8
PolicyType.Isolation,124.69.22.113/32,0,124-69-215-145,PolicyStatus.HOLDS,{9},{124-69-215-71:Vlanif316 (124.69.22.113/32)},124-69-215-145
PolicyType.Isolation,124.69.22.112/32,0,124-69-215-106,PolicyStatus.HOLDS,{9},{124-69-215-71:Vlanif316 (124.69.22.112/32)},124-69-215-106
PolicyType.Isolation,124.69.22.112/32,0,124-69-215-8,PolicyStatus.HOLDS,{9},{124-69-215-71:Vlanif316 (124.69.22.112/32)},124-69-215-8
PolicyType.Isolation,124.69.22.112/32,0,124-69-215-145,PolicyStatus.HOLDS,{9},{124-69-215-71:Vlanif316 (124.69.22.112/32)},124-69-215-145
PolicyType.Isolation,124.69.22.109/32,0,124-69-215-106,PolicyStatus.HOLDS,{9},{124-69-215-71:Vlanif315 (124.69.22.109/32)},124-69-215-106
PolicyType.Isolation,124.69.22.109/32,0,124-69-215-8,PolicyStatus.HOLDS,{9},{124-69-215-71:Vlanif315 (124.69.22.109/32)},124-69-215-8
PolicyType.Isolation,124.69.22.109/32,0,124-69-215-145,PolicyStatus.HOLDS,{9},{124-69-215-71:Vlanif315 (124.69.22.109/32)},124-69-215-145
PolicyType.Isolation,124.69.22.108/32,0,124-69-215-106,PolicyStatus.HOLDS,{9},{124-69-215-71:Vlanif315 (124.69.22.108/32)},124-69-215-106
PolicyType.Isolation,124.69.22.108/32,0,124-69-215-8,PolicyStatus.HOLDS,{9},{124-69-215-71:Vlanif315 (124.69.22.108/32)},124-69-215-8
PolicyType.Isolation,124.69.22.108/32,0,124-69-215-145,PolicyStatus.HOLDS,{9},{124-69-215-71:Vlanif315 (124.69.22.108/32)},124-69-215-145
PolicyType.Isolation,124.69.22.103/32,0,124-69-215-106,PolicyStatus.HOLDS,{9},{124-69-215-71:Vlanif314 (124.69.22.103/32)},124-69-215-106
PolicyType.Isolation,124.69.22.103/32,0,124-69-215-8,PolicyStatus.HOLDS,{9},{124-69-215-71:Vlanif314 (124.69.22.103/32)},124-69-215-8
PolicyType.Isolation,124.69.22.103/32,0,124-69-215-145,PolicyStatus.HOLDS,{9},{124-69-215-71:Vlanif314 (124.69.22.103/32)},124-69-215-145
PolicyType.Isolation,124.69.22.102/32,0,124-69-215-106,PolicyStatus.HOLDS,{9},{124-69-215-71:Vlanif314 (124.69.22.102/32)},124-69-215-106
PolicyType.Isolation,124.69.22.102/32,0,124-69-215-8,PolicyStatus.HOLDS,{9},{124-69-215-71:Vlanif314 (124.69.22.102/32)},124-69-215-8
PolicyType.Isolation,124.69.22.102/32,0,124-69-215-145,PolicyStatus.HOLDS,{9},{124-69-215-71:Vlanif314 (124.69.22.102/32)},124-69-215-145
PolicyType.Isolation,124.69.22.89/32,0,124-69-215-106,PolicyStatus.HOLDS,{9},{124-69-215-71:Vlanif312 (124.69.22.89/32)},124-69-215-106
PolicyType.Isolation,124.69.22.89/32,0,124-69-215-8,PolicyStatus.HOLDS,{9},{124-69-215-71:Vlanif312 (124.69.22.89/32)},124-69-215-8
PolicyType.Isolation,124.69.22.89/32,0,124-69-215-145,PolicyStatus.HOLDS,{9},{124-69-215-71:Vlanif312 (124.69.22.89/32)},124-69-215-145
PolicyType.Isolation,124.69.22.88/32,0,124-69-215-106,PolicyStatus.HOLDS,{9},{124-69-215-71:Vlanif312 (124.69.22.88/32)},124-69-215-106
PolicyType.Isolation,124.69.22.88/32,0,124-69-215-8,PolicyStatus.HOLDS,{9},{124-69-215-71:Vlanif312 (124.69.22.88/32)},124-69-215-8
PolicyType.Isolation,124.69.22.88/32,0,124-69-215-145,PolicyStatus.HOLDS,{9},{124-69-215-71:Vlanif312 (124.69.22.88/32)},124-69-215-145
PolicyType.Isolation,124.69.22.83/32,0,124-69-215-106,PolicyStatus.HOLDS,{9},{124-69-215-71:Vlanif313 (124.69.22.83/32)},124-69-215-106
PolicyType.Isolation,124.69.22.83/32,0,124-69-215-8,PolicyStatus.HOLDS,{9},{124-69-215-71:Vlanif313 (124.69.22.83/32)},124-69-215-8
PolicyType.Isolation,124.69.22.83/32,0,124-69-215-145,PolicyStatus.HOLDS,{9},{124-69-215-71:Vlanif313 (124.69.22.83/32)},124-69-215-145
PolicyType.Isolation,124.69.22.82/32,0,124-69-215-106,PolicyStatus.HOLDS,{9},{124-69-215-71:Vlanif313 (124.69.22.82/32)},124-69-215-106
PolicyType.Isolation,124.69.22.82/32,0,124-69-215-8,PolicyStatus.HOLDS,{9},{124-69-215-71:Vlanif313 (124.69.22.82/32)},124-69-215-8
PolicyType.Isolation,124.69.22.82/32,0,124-69-215-145,PolicyStatus.HOLDS,{9},{124-69-215-71:Vlanif313 (124.69.22.82/32)},124-69-215-145
PolicyType.Isolation,124.69.22.81/32,0,124-69-215-106,PolicyStatus.HOLDS,{9},{124-69-215-71:Vlanif306 (124.69.22.81/32)},124-69-215-106
PolicyType.Isolation,124.69.22.81/32,0,124-69-215-8,PolicyStatus.HOLDS,{9},{124-69-215-71:Vlanif306 (124.69.22.81/32)},124-69-215-8
PolicyType.Isolation,124.69.22.81/32,0,124-69-215-145,PolicyStatus.HOLDS,{9},{124-69-215-71:Vlanif306 (124.69.22.81/32)},124-69-215-145
PolicyType.Isolation,124.69.22.80/32,0,124-69-215-106,PolicyStatus.HOLDS,{9},{124-69-215-71:Vlanif306 (124.69.22.80/32)},124-69-215-106
PolicyType.Isolation,124.69.22.80/32,0,124-69-215-8,PolicyStatus.HOLDS,{9},{124-69-215-71:Vlanif306 (124.69.22.80/32)},124-69-215-8
PolicyType.Isolation,124.69.22.80/32,0,124-69-215-145,PolicyStatus.HOLDS,{9},{124-69-215-71:Vlanif306 (124.69.22.80/32)},124-69-215-145
PolicyType.Isolation,124.69.22.63/32,0,124-69-215-106,PolicyStatus.HOLDS,{9},{124-69-215-71:Vlanif309 (124.69.22.63/32)},124-69-215-106
PolicyType.Isolation,124.69.22.63/32,0,124-69-215-8,PolicyStatus.HOLDS,{9},{124-69-215-71:Vlanif309 (124.69.22.63/32)},124-69-215-8
PolicyType.Isolation,124.69.22.63/32,0,124-69-215-145,PolicyStatus.HOLDS,{9},{124-69-215-71:Vlanif309 (124.69.22.63/32)},124-69-215-145
PolicyType.Isolation,124.69.22.62/32,0,124-69-215-106,PolicyStatus.HOLDS,{9},{124-69-215-71:Vlanif309 (124.69.22.62/32)},124-69-215-106
PolicyType.Isolation,124.69.22.62/32,0,124-69-215-8,PolicyStatus.HOLDS,{9},{124-69-215-71:Vlanif309 (124.69.22.62/32)},124-69-215-8
PolicyType.Isolation,124.69.22.62/32,0,124-69-215-145,PolicyStatus.HOLDS,{9},{124-69-215-71:Vlanif309 (124.69.22.62/32)},124-69-215-145
PolicyType.Isolation,124.69.22.61/32,0,124-69-215-106,PolicyStatus.HOLDS,{9},{124-69-215-71:Vlanif310 (124.69.22.61/32)},124-69-215-106
PolicyType.Isolation,124.69.22.61/32,0,124-69-215-8,PolicyStatus.HOLDS,{9},{124-69-215-71:Vlanif310 (124.69.22.61/32)},124-69-215-8
PolicyType.Isolation,124.69.22.61/32,0,124-69-215-145,PolicyStatus.HOLDS,{9},{124-69-215-71:Vlanif310 (124.69.22.61/32)},124-69-215-145
PolicyType.Isolation,124.69.22.60/32,0,124-69-215-106,PolicyStatus.HOLDS,{9},{124-69-215-71:Vlanif310 (124.69.22.60/32)},124-69-215-106
PolicyType.Isolation,124.69.22.60/32,0,124-69-215-8,PolicyStatus.HOLDS,{9},{124-69-215-71:Vlanif310 (124.69.22.60/32)},124-69-215-8
PolicyType.Isolation,124.69.22.60/32,0,124-69-215-145,PolicyStatus.HOLDS,{9},{124-69-215-71:Vlanif310 (124.69.22.60/32)},124-69-215-145
PolicyType.Isolation,124.69.22.59/32,0,124-69-215-106,PolicyStatus.HOLDS,{9},{124-69-215-71:Vlanif311 (124.69.22.59/32)},124-69-215-106
PolicyType.Isolation,124.69.22.59/32,0,124-69-215-8,PolicyStatus.HOLDS,{9},{124-69-215-71:Vlanif311 (124.69.22.59/32)},124-69-215-8
PolicyType.Isolation,124.69.22.59/32,0,124-69-215-145,PolicyStatus.HOLDS,{9},{124-69-215-71:Vlanif311 (124.69.22.59/32)},124-69-215-145
PolicyType.Isolation,124.69.22.58/32,0,124-69-215-106,PolicyStatus.HOLDS,{9},{124-69-215-71:Vlanif311 (124.69.22.58/32)},124-69-215-106
PolicyType.Isolation,124.69.22.58/32,0,124-69-215-8,PolicyStatus.HOLDS,{9},{124-69-215-71:Vlanif311 (124.69.22.58/32)},124-69-215-8
PolicyType.Isolation,124.69.22.58/32,0,124-69-215-145,PolicyStatus.HOLDS,{9},{124-69-215-71:Vlanif311 (124.69.22.58/32)},124-69-215-145
PolicyType.Isolation,124.69.22.55/32,0,124-69-215-106,PolicyStatus.HOLDS,{9},{124-69-215-71:Vlanif307 (124.69.22.55/32)},124-69-215-106
PolicyType.Isolation,124.69.22.55/32,0,124-69-215-8,PolicyStatus.HOLDS,{9},{124-69-215-71:Vlanif307 (124.69.22.55/32)},124-69-215-8
PolicyType.Isolation,124.69.22.55/32,0,124-69-215-145,PolicyStatus.HOLDS,{9},{124-69-215-71:Vlanif307 (124.69.22.55/32)},124-69-215-145
PolicyType.Isolation,124.69.22.54/32,0,124-69-215-106,PolicyStatus.HOLDS,{9},{124-69-215-71:Vlanif307 (124.69.22.54/32)},124-69-215-106
PolicyType.Isolation,124.69.22.54/32,0,124-69-215-8,PolicyStatus.HOLDS,{9},{124-69-215-71:Vlanif307 (124.69.22.54/32)},124-69-215-8
PolicyType.Isolation,124.69.22.54/32,0,124-69-215-145,PolicyStatus.HOLDS,{9},{124-69-215-71:Vlanif307 (124.69.22.54/32)},124-69-215-145
PolicyType.Isolation,124.69.22.29/32,0,124-69-215-106,PolicyStatus.HOLDS,{9},{124-69-215-71:Eth-Trunk100 (124.69.22.29/32)},124-69-215-106
PolicyType.Isolation,124.69.22.29/32,0,124-69-215-8,PolicyStatus.HOLDS,{9},{124-69-215-71:Eth-Trunk100 (124.69.22.29/32)},124-69-215-8
PolicyType.Isolation,124.69.22.29/32,0,124-69-215-145,PolicyStatus.HOLDS,{9},{124-69-215-71:Eth-Trunk100 (124.69.22.29/32)},124-69-215-145
PolicyType.Isolation,124.69.22.28/32,0,124-69-215-106,PolicyStatus.HOLDS,{9},{124-69-215-71:Eth-Trunk100 (124.69.22.28/32)},124-69-215-106
PolicyType.Isolation,124.69.22.28/32,0,124-69-215-8,PolicyStatus.HOLDS,{9},{124-69-215-71:Eth-Trunk100 (124.69.22.28/32)},124-69-215-8
PolicyType.Isolation,124.69.22.28/32,0,124-69-215-145,PolicyStatus.HOLDS,{9},{124-69-215-71:Eth-Trunk100 (124.69.22.28/32)},124-69-215-145
PolicyType.Isolation,124.69.22.25/32,0,124-69-215-106,PolicyStatus.HOLDS,{9},{124-69-215-71:Eth-Trunk101 (124.69.22.25/32)},124-69-215-106
PolicyType.Isolation,124.69.22.25/32,0,124-69-215-8,PolicyStatus.HOLDS,{9},{124-69-215-71:Eth-Trunk101 (124.69.22.25/32)},124-69-215-8
PolicyType.Isolation,124.69.22.25/32,0,124-69-215-145,PolicyStatus.HOLDS,{9},{124-69-215-71:Eth-Trunk101 (124.69.22.25/32)},124-69-215-145
PolicyType.Isolation,124.69.22.24/32,0,124-69-215-106,PolicyStatus.HOLDS,{9},{124-69-215-71:Eth-Trunk101 (124.69.22.24/32)},124-69-215-106
PolicyType.Isolation,124.69.22.24/32,0,124-69-215-8,PolicyStatus.HOLDS,{9},{124-69-215-71:Eth-Trunk101 (124.69.22.24/32)},124-69-215-8
PolicyType.Isolation,124.69.22.24/32,0,124-69-215-145,PolicyStatus.HOLDS,{9},{124-69-215-71:Eth-Trunk101 (124.69.22.24/32)},124-69-215-145
PolicyType.Isolation,124.69.22.15/32,0,124-69-215-106,PolicyStatus.HOLDS,{9},{124-69-215-71:Vlanif305 (124.69.22.15/32)},124-69-215-106
PolicyType.Isolation,124.69.22.15/32,0,124-69-215-8,PolicyStatus.HOLDS,{9},{124-69-215-71:Vlanif305 (124.69.22.15/32)},124-69-215-8
PolicyType.Isolation,124.69.22.15/32,0,124-69-215-145,PolicyStatus.HOLDS,{9},{124-69-215-71:Vlanif305 (124.69.22.15/32)},124-69-215-145
PolicyType.Isolation,124.69.22.14/32,0,124-69-215-106,PolicyStatus.HOLDS,{9},{124-69-215-71:Vlanif305 (124.69.22.14/32)},124-69-215-106
PolicyType.Isolation,124.69.22.14/32,0,124-69-215-8,PolicyStatus.HOLDS,{9},{124-69-215-71:Vlanif305 (124.69.22.14/32)},124-69-215-8
PolicyType.Isolation,124.69.22.14/32,0,124-69-215-145,PolicyStatus.HOLDS,{9},{124-69-215-71:Vlanif305 (124.69.22.14/32)},124-69-215-145
PolicyType.Isolation,124.69.22.7/32,0,124-69-215-106,PolicyStatus.HOLDS,{9},{124-69-215-71:Vlanif303 (124.69.22.7/32)},124-69-215-106
PolicyType.Isolation,124.69.22.7/32,0,124-69-215-8,PolicyStatus.HOLDS,{9},{124-69-215-71:Vlanif303 (124.69.22.7/32)},124-69-215-8
PolicyType.Isolation,124.69.22.7/32,0,124-69-215-145,PolicyStatus.HOLDS,{9},{124-69-215-71:Vlanif303 (124.69.22.7/32)},124-69-215-145
PolicyType.Isolation,124.69.22.6/32,0,124-69-215-106,PolicyStatus.HOLDS,{9},{124-69-215-71:Vlanif303 (124.69.22.6/32)},124-69-215-106
PolicyType.Isolation,124.69.22.6/32,0,124-69-215-8,PolicyStatus.HOLDS,{9},{124-69-215-71:Vlanif303 (124.69.22.6/32)},124-69-215-8
PolicyType.Isolation,124.69.22.6/32,0,124-69-215-145,PolicyStatus.HOLDS,{9},{124-69-215-71:Vlanif303 (124.69.22.6/32)},124-69-215-145
PolicyType.Isolation,124.69.22.5/32,0,124-69-215-106,PolicyStatus.HOLDS,{9},{124-69-215-71:Vlanif304 (124.69.22.5/32)},124-69-215-106
PolicyType.Isolation,124.69.22.5/32,0,124-69-215-8,PolicyStatus.HOLDS,{9},{124-69-215-71:Vlanif304 (124.69.22.5/32)},124-69-215-8
PolicyType.Isolation,124.69.22.5/32,0,124-69-215-145,PolicyStatus.HOLDS,{9},{124-69-215-71:Vlanif304 (124.69.22.5/32)},124-69-215-145
PolicyType.Isolation,124.69.22.4/32,0,124-69-215-106,PolicyStatus.HOLDS,{9},{124-69-215-71:Vlanif304 (124.69.22.4/32)},124-69-215-106
PolicyType.Isolation,124.69.22.4/32,0,124-69-215-8,PolicyStatus.HOLDS,{9},{124-69-215-71:Vlanif304 (124.69.22.4/32)},124-69-215-8
PolicyType.Isolation,124.69.22.4/32,0,124-69-215-145,PolicyStatus.HOLDS,{9},{124-69-215-71:Vlanif304 (124.69.22.4/32)},124-69-215-145
PolicyType.Isolation,124.69.22.3/32,0,124-69-215-106,PolicyStatus.HOLDS,{9},{124-69-215-71:Vlanif302 (124.69.22.3/32)},124-69-215-106
PolicyType.Isolation,124.69.22.3/32,0,124-69-215-8,PolicyStatus.HOLDS,{9},{124-69-215-71:Vlanif302 (124.69.22.3/32)},124-69-215-8
PolicyType.Isolation,124.69.22.3/32,0,124-69-215-145,PolicyStatus.HOLDS,{9},{124-69-215-71:Vlanif302 (124.69.22.3/32)},124-69-215-145
PolicyType.Isolation,124.69.22.2/32,0,124-69-215-106,PolicyStatus.HOLDS,{9},{124-69-215-71:Vlanif302 (124.69.22.2/32)},124-69-215-106
PolicyType.Isolation,124.69.22.2/32,0,124-69-215-8,PolicyStatus.HOLDS,{9},{124-69-215-71:Vlanif302 (124.69.22.2/32)},124-69-215-8
PolicyType.Isolation,124.69.22.2/32,0,124-69-215-145,PolicyStatus.HOLDS,{9},{124-69-215-71:Vlanif302 (124.69.22.2/32)},124-69-215-145
PolicyType.Isolation,124.69.22.1/32,0,124-69-215-106,PolicyStatus.HOLDS,{9},{124-69-215-71:Vlanif301 (124.69.22.1/32)},124-69-215-106
PolicyType.Isolation,124.69.22.1/32,0,124-69-215-8,PolicyStatus.HOLDS,{9},{124-69-215-71:Vlanif301 (124.69.22.1/32)},124-69-215-8
PolicyType.Isolation,124.69.22.1/32,0,124-69-215-145,PolicyStatus.HOLDS,{9},{124-69-215-71:Vlanif301 (124.69.22.1/32)},124-69-215-145
PolicyType.Isolation,124.69.22.0/32,0,124-69-215-106,PolicyStatus.HOLDS,{9},{124-69-215-71:Vlanif301 (124.69.22.0/32)},124-69-215-106
PolicyType.Isolation,124.69.22.0/32,0,124-69-215-8,PolicyStatus.HOLDS,{9},{124-69-215-71:Vlanif301 (124.69.22.0/32)},124-69-215-8
PolicyType.Isolation,124.69.22.0/32,0,124-69-215-145,PolicyStatus.HOLDS,{9},{124-69-215-71:Vlanif301 (124.69.22.0/32)},124-69-215-145
PolicyType.Reachability,124.69.7.230/32,0,124-69-215-71,PolicyStatus.HOLDS,{9},{124-69-215-106:LoopBack0 (124.69.7.230/32)},124-69-215-71
PolicyType.Reachability,124.69.7.230/32,0,124-69-215-8,PolicyStatus.HOLDS,{9},{124-69-215-106:LoopBack0 (124.69.7.230/32)},124-69-215-8
PolicyType.Reachability,124.69.7.230/32,0,124-69-215-145,PolicyStatus.HOLDS,{9},{124-69-215-106:LoopBack0 (124.69.7.230/32)},124-69-215-145
PolicyType.Reachability,124.69.7.217/32,0,124-69-215-8,PolicyStatus.HOLDS,{9},{124-69-215-71:LoopBack0 (124.69.7.217/32)},124-69-215-8
PolicyType.Reachability,124.69.7.217/32,0,124-69-215-106,PolicyStatus.HOLDS,{9},{124-69-215-71:LoopBack0 (124.69.7.217/32)},124-69-215-106
PolicyType.Reachability,124.69.7.217/32,0,124-69-215-145,PolicyStatus.HOLDS,{9},{124-69-215-71:LoopBack0 (124.69.7.217/32)},124-69-215-145
PolicyType.Reachability,124.69.7.207/32,0,124-69-215-71,PolicyStatus.HOLDS,{9},{124-69-215-8:LoopBack0 (124.69.7.207/32)},124-69-215-71
PolicyType.Reachability,124.69.7.207/32,0,124-69-215-106,PolicyStatus.HOLDS,{9},{124-69-215-8:LoopBack0 (124.69.7.207/32)},124-69-215-106
PolicyType.Reachability,124.69.7.207/32,0,124-69-215-145,PolicyStatus.HOLDS,{9},{124-69-215-8:LoopBack0 (124.69.7.207/32)},124-69-215-145
PolicyType.Reachability,124.69.7.160/32,0,124-69-215-71,PolicyStatus.HOLDS,{9},{124-69-215-145:LoopBack0 (124.69.7.160/32)},124-69-215-71
PolicyType.Reachability,124.69.7.160/32,0,124-69-215-8,PolicyStatus.HOLDS,{9},{124-69-215-145:LoopBack0 (124.69.7.160/32)},124-69-215-8
PolicyType.Reachability,124.69.7.160/32,0,124-69-215-106,PolicyStatus.HOLDS,{9},{124-69-215-145:LoopBack0 (124.69.7.160/32)},124-69-215-106
PolicyType.Reachability,23.146.32.255/32,0,124-69-215-8,PolicyStatus.HOLDS,{9},{124-69-215-71:Vlanif602 (23.146.32.255/32)},124-69-215-8
PolicyType.Reachability,23.146.32.255/32,0,124-69-215-106,PolicyStatus.HOLDS,{9},{124-69-215-71:Vlanif602 (23.146.32.255/32)},124-69-215-106
PolicyType.Reachability,23.146.32.255/32,0,124-69-215-145,PolicyStatus.HOLDS,{9},{124-69-215-71:Vlanif602 (23.146.32.255/32)},124-69-215-145
PolicyType.Reachability,23.146.32.254/32,0,124-69-215-8,PolicyStatus.HOLDS,{9},{124-69-215-71:Vlanif602 (23.146.32.254/32)},124-69-215-8
PolicyType.Reachability,23.146.32.254/32,0,124-69-215-106,PolicyStatus.HOLDS,{9},{124-69-215-71:Vlanif602 (23.146.32.254/32)},124-69-215-106
PolicyType.Reachability,23.146.32.254/32,0,124-69-215-145,PolicyStatus.HOLDS,{9},{124-69-215-71:Vlanif602 (23.146.32.254/32)},124-69-215-145
PolicyType.Reachability,23.146.0.0/19,0,124-69-215-8,PolicyStatus.HOLDS,{9},{124-69-215-71:Vlanif602 (23.146.0.0/19)},124-69-215-8
PolicyType.Reachability,23.146.0.0/19,0,124-69-215-106,PolicyStatus.HOLDS,{9},{124-69-215-71:Vlanif602 (23.146.0.0/19)},124-69-215-106
PolicyType.Reachability,23.146.0.0/19,0,124-69-215-145,PolicyStatus.HOLDS,{9},{124-69-215-71:Vlanif602 (23.146.0.0/19)},124-69-215-145
PolicyType.Waypoint,125.20.199.34/31,124-69-215-145,124-69-215-145,PolicyStatus.HOLDS,{9},{124-69-215-8:Vlanif600 (125.20.199.34/31)},124-69-215-145
PolicyType.Waypoint,125.20.199.34/31,124-69-215-71,124-69-215-71,PolicyStatus.HOLDS,{9},{124-69-215-8:Vlanif600 (125.20.199.34/31)},124-69-215-71
PolicyType.Waypoint,125.20.199.34/31,124-69-215-71,124-69-215-145,PolicyStatus.HOLDS,{9},{124-69-215-8:Vlanif600 (125.20.199.34/31)},124-69-215-145
PolicyType.Waypoint,125.20.199.34/31,124-69-215-71,124-69-215-106,PolicyStatus.HOLDS,{9},{124-69-215-8:Vlanif600 (125.20.199.34/31)},124-69-215-106
PolicyType.Waypoint,125.20.199.34/31,124-69-215-106,124-69-215-106,PolicyStatus.HOLDS,{9},{124-69-215-8:Vlanif600 (125.20.199.34/31)},124-69-215-106
PolicyType.Waypoint,125.20.199.33/32,124-69-215-145,124-69-215-145,PolicyStatus.HOLDS,{9},{124-69-215-8:Vlanif600 (125.20.199.33/32)},124-69-215-145
PolicyType.Waypoint,125.20.199.33/32,124-69-215-71,124-69-215-71,PolicyStatus.HOLDS,{9},{124-69-215-8:Vlanif600 (125.20.199.33/32)},124-69-215-71
PolicyType.Waypoint,125.20.199.33/32,124-69-215-71,124-69-215-145,PolicyStatus.HOLDS,{9},{124-69-215-8:Vlanif600 (125.20.199.33/32)},124-69-215-145
PolicyType.Waypoint,125.20.199.33/32,124-69-215-71,124-69-215-106,PolicyStatus.HOLDS,{9},{124-69-215-8:Vlanif600 (125.20.199.33/32)},124-69-215-106
PolicyType.Waypoint,125.20.199.33/32,124-69-215-106,124-69-215-106,PolicyStatus.HOLDS,{9},{124-69-215-8:Vlanif600 (125.20.199.33/32)},124-69-215-106
PolicyType.Waypoint,125.20.199.0/27,124-69-215-145,124-69-215-145,PolicyStatus.HOLDS,{9},{124-69-215-8:Vlanif600 (125.20.199.0/27)},124-69-215-145
PolicyType.Waypoint,125.20.199.0/27,124-69-215-71,124-69-215-71,PolicyStatus.HOLDS,{9},{124-69-215-8:Vlanif600 (125.20.199.0/27)},124-69-215-71
PolicyType.Waypoint,125.20.199.0/27,124-69-215-71,124-69-215-145,PolicyStatus.HOLDS,{9},{124-69-215-8:Vlanif600 (125.20.199.0/27)},124-69-215-145
PolicyType.Waypoint,125.20.199.0/27,124-69-215-71,124-69-215-106,PolicyStatus.HOLDS,{9},{124-69-215-8:Vlanif600 (125.20.199.0/27)},124-69-215-106
PolicyType.Waypoint,125.20.199.0/27,124-69-215-106,124-69-215-106,PolicyStatus.HOLDS,{9},{124-69-215-8:Vlanif600 (125.20.199.0/27)},124-69-215-106
PolicyType.Waypoint,125.20.198.191/32,124-69-215-145,124-69-215-145,PolicyStatus.HOLDS,{9},{124-69-215-106:Vlanif600 (125.20.198.191/32)},124-69-215-145
PolicyType.Waypoint,125.20.198.191/32,124-69-215-71,124-69-215-71,PolicyStatus.HOLDS,{9},{124-69-215-106:Vlanif600 (125.20.198.191/32)},124-69-215-71
PolicyType.Waypoint,125.20.198.191/32,124-69-215-71,124-69-215-145,PolicyStatus.HOLDS,{9},{124-69-215-106:Vlanif600 (125.20.198.191/32)},124-69-215-145
PolicyType.Waypoint,125.20.198.191/32,124-69-215-71,124-69-215-8,PolicyStatus.HOLDS,{9},{124-69-215-106:Vlanif600 (125.20.198.191/32)},124-69-215-8
PolicyType.Waypoint,125.20.198.191/32,124-69-215-106,124-69-215-71,PolicyStatus.HOLDS,{9},{124-69-215-106:Vlanif600 (125.20.198.191/32)},124-69-215-71
PolicyType.Waypoint,125.20.198.191/32,124-69-215-106,124-69-215-145,PolicyStatus.HOLDS,{9},{124-69-215-106:Vlanif600 (125.20.198.191/32)},124-69-215-145
PolicyType.Waypoint,125.20.198.191/32,124-69-215-106,124-69-215-8,PolicyStatus.HOLDS,{9},{124-69-215-106:Vlanif600 (125.20.198.191/32)},124-69-215-8
PolicyType.Waypoint,125.20.198.190/32,124-69-215-145,124-69-215-145,PolicyStatus.HOLDS,{9},{124-69-215-106:Vlanif600 (125.20.198.190/32)},124-69-215-145
PolicyType.Waypoint,125.20.198.190/32,124-69-215-71,124-69-215-71,PolicyStatus.HOLDS,{9},{124-69-215-106:Vlanif600 (125.20.198.190/32)},124-69-215-71
PolicyType.Waypoint,125.20.198.190/32,124-69-215-71,124-69-215-145,PolicyStatus.HOLDS,{9},{124-69-215-106:Vlanif600 (125.20.198.190/32)},124-69-215-145
PolicyType.Waypoint,125.20.198.190/32,124-69-215-71,124-69-215-8,PolicyStatus.HOLDS,{9},{124-69-215-106:Vlanif600 (125.20.198.190/32)},124-69-215-8
PolicyType.Waypoint,125.20.198.190/32,124-69-215-106,124-69-215-71,PolicyStatus.HOLDS,{9},{124-69-215-106:Vlanif600 (125.20.198.190/32)},124-69-215-71
PolicyType.Waypoint,125.20.198.190/32,124-69-215-106,124-69-215-145,PolicyStatus.HOLDS,{9},{124-69-215-106:Vlanif600 (125.20.198.190/32)},124-69-215-145
PolicyType.Waypoint,125.20.198.190/32,124-69-215-106,124-69-215-8,PolicyStatus.HOLDS,{9},{124-69-215-106:Vlanif600 (125.20.198.190/32)},124-69-215-8
PolicyType.Waypoint,125.20.198.128/27,124-69-215-145,124-69-215-145,PolicyStatus.HOLDS,{9},{124-69-215-106:Vlanif600 (125.20.198.128/27)},124-69-215-145
PolicyType.Waypoint,125.20.198.128/27,124-69-215-71,124-69-215-71,PolicyStatus.HOLDS,{9},{124-69-215-106:Vlanif600 (125.20.198.128/27)},124-69-215-71
PolicyType.Waypoint,125.20.198.128/27,124-69-215-71,124-69-215-145,PolicyStatus.HOLDS,{9},{124-69-215-106:Vlanif600 (125.20.198.128/27)},124-69-215-145
PolicyType.Waypoint,125.20.198.128/27,124-69-215-71,124-69-215-8,PolicyStatus.HOLDS,{9},{124-69-215-106:Vlanif600 (125.20.198.128/27)},124-69-215-8
PolicyType.Waypoint,125.20.198.128/27,124-69-215-106,124-69-215-71,PolicyStatus.HOLDS,{9},{124-69-215-106:Vlanif600 (125.20.198.128/27)},124-69-215-71
PolicyType.Waypoint,125.20.198.128/27,124-69-215-106,124-69-215-145,PolicyStatus.HOLDS,{9},{124-69-215-106:Vlanif600 (125.20.198.128/27)},124-69-215-145
PolicyType.Waypoint,125.20.198.128/27,124-69-215-106,124-69-215-8,PolicyStatus.HOLDS,{9},{124-69-215-106:Vlanif600 (125.20.198.128/27)},124-69-215-8
PolicyType.Waypoint,125.20.192.31/32,124-69-215-145,124-69-215-71,PolicyStatus.HOLDS,{9},{124-69-215-145:Vlanif600 (125.20.192.31/32)},124-69-215-71
PolicyType.Waypoint,125.20.192.31/32,124-69-215-145,124-69-215-106,PolicyStatus.HOLDS,{9},{124-69-215-145:Vlanif600 (125.20.192.31/32)},124-69-215-106
PolicyType.Waypoint,125.20.192.31/32,124-69-215-145,124-69-215-8,PolicyStatus.HOLDS,{9},{124-69-215-145:Vlanif600 (125.20.192.31/32)},124-69-215-8
PolicyType.Waypoint,125.20.192.31/32,124-69-215-71,124-69-215-71,PolicyStatus.HOLDS,{9},{124-69-215-145:Vlanif600 (125.20.192.31/32)},124-69-215-71
PolicyType.Waypoint,125.20.192.31/32,124-69-215-71,124-69-215-106,PolicyStatus.HOLDS,{9},{124-69-215-145:Vlanif600 (125.20.192.31/32)},124-69-215-106
PolicyType.Waypoint,125.20.192.31/32,124-69-215-71,124-69-215-8,PolicyStatus.HOLDS,{9},{124-69-215-145:Vlanif600 (125.20.192.31/32)},124-69-215-8
PolicyType.Waypoint,125.20.192.31/32,124-69-215-106,124-69-215-106,PolicyStatus.HOLDS,{9},{124-69-215-145:Vlanif600 (125.20.192.31/32)},124-69-215-106
PolicyType.Waypoint,125.20.192.30/32,124-69-215-145,124-69-215-71,PolicyStatus.HOLDS,{9},{124-69-215-145:Vlanif600 (125.20.192.30/32)},124-69-215-71
PolicyType.Waypoint,125.20.192.30/32,124-69-215-145,124-69-215-106,PolicyStatus.HOLDS,{9},{124-69-215-145:Vlanif600 (125.20.192.30/32)},124-69-215-106
PolicyType.Waypoint,125.20.192.30/32,124-69-215-145,124-69-215-8,PolicyStatus.HOLDS,{9},{124-69-215-145:Vlanif600 (125.20.192.30/32)},124-69-215-8
PolicyType.Waypoint,125.20.192.30/32,124-69-215-71,124-69-215-71,PolicyStatus.HOLDS,{9},{124-69-215-145:Vlanif600 (125.20.192.30/32)},124-69-215-71
PolicyType.Waypoint,125.20.192.30/32,124-69-215-71,124-69-215-106,PolicyStatus.HOLDS,{9},{124-69-215-145:Vlanif600 (125.20.192.30/32)},124-69-215-106
PolicyType.Waypoint,125.20.192.30/32,124-69-215-71,124-69-215-8,PolicyStatus.HOLDS,{9},{124-69-215-145:Vlanif600 (125.20.192.30/32)},124-69-215-8
PolicyType.Waypoint,125.20.192.30/32,124-69-215-106,124-69-215-106,PolicyStatus.HOLDS,{9},{124-69-215-145:Vlanif600 (125.20.192.30/32)},124-69-215-106
PolicyType.Waypoint,125.20.192.0/28,124-69-215-145,124-69-215-71,PolicyStatus.HOLDS,{9},{124-69-215-145:Vlanif600 (125.20.192.0/28)},124-69-215-71
PolicyType.Waypoint,125.20.192.0/28,124-69-215-145,124-69-215-106,PolicyStatus.HOLDS,{9},{124-69-215-145:Vlanif600 (125.20.192.0/28)},124-69-215-106
PolicyType.Waypoint,125.20.192.0/28,124-69-215-145,124-69-215-8,PolicyStatus.HOLDS,{9},{124-69-215-145:Vlanif600 (125.20.192.0/28)},124-69-215-8
PolicyType.Waypoint,125.20.192.0/28,124-69-215-71,124-69-215-71,PolicyStatus.HOLDS,{9},{124-69-215-145:Vlanif600 (125.20.192.0/28)},124-69-215-71
PolicyType.Waypoint,125.20.192.0/28,124-69-215-71,124-69-215-106,PolicyStatus.HOLDS,{9},{124-69-215-145:Vlanif600 (125.20.192.0/28)},124-69-215-106
PolicyType.Waypoint,125.20.192.0/28,124-69-215-71,124-69-215-8,PolicyStatus.HOLDS,{9},{124-69-215-145:Vlanif600 (125.20.192.0/28)},124-69-215-8
PolicyType.Waypoint,125.20.192.0/28,124-69-215-106,124-69-215-106,PolicyStatus.HOLDS,{9},{124-69-215-145:Vlanif600 (125.20.192.0/28)},124-69-215-106
PolicyType.Waypoint,124.69.7.230/32,124-69-215-145,124-69-215-145,PolicyStatus.HOLDS,{9},{124-69-215-106:LoopBack0 (124.69.7.230/32)},124-69-215-145
PolicyType.Waypoint,124.69.7.230/32,124-69-215-71,124-69-215-71,PolicyStatus.HOLDS,{9},{124-69-215-106:LoopBack0 (124.69.7.230/32)},124-69-215-71
PolicyType.Waypoint,124.69.7.230/32,124-69-215-71,124-69-215-145,PolicyStatus.HOLDS,{9},{124-69-215-106:LoopBack0 (124.69.7.230/32)},124-69-215-145
PolicyType.Waypoint,124.69.7.230/32,124-69-215-71,124-69-215-8,PolicyStatus.HOLDS,{9},{124-69-215-106:LoopBack0 (124.69.7.230/32)},124-69-215-8
PolicyType.Waypoint,124.69.7.230/32,124-69-215-106,124-69-215-71,PolicyStatus.HOLDS,{9},{124-69-215-106:LoopBack0 (124.69.7.230/32)},124-69-215-71
PolicyType.Waypoint,124.69.7.230/32,124-69-215-106,124-69-215-145,PolicyStatus.HOLDS,{9},{124-69-215-106:LoopBack0 (124.69.7.230/32)},124-69-215-145
PolicyType.Waypoint,124.69.7.230/32,124-69-215-106,124-69-215-8,PolicyStatus.HOLDS,{9},{124-69-215-106:LoopBack0 (124.69.7.230/32)},124-69-215-8
PolicyType.Waypoint,124.69.7.217/32,124-69-215-145,124-69-215-145,PolicyStatus.HOLDS,{9},{124-69-215-71:LoopBack0 (124.69.7.217/32)},124-69-215-145
PolicyType.Waypoint,124.69.7.217/32,124-69-215-71,124-69-215-145,PolicyStatus.HOLDS,{9},{124-69-215-71:LoopBack0 (124.69.7.217/32)},124-69-215-145
PolicyType.Waypoint,124.69.7.217/32,124-69-215-71,124-69-215-106,PolicyStatus.HOLDS,{9},{124-69-215-71:LoopBack0 (124.69.7.217/32)},124-69-215-106
PolicyType.Waypoint,124.69.7.217/32,124-69-215-71,124-69-215-8,PolicyStatus.HOLDS,{9},{124-69-215-71:LoopBack0 (124.69.7.217/32)},124-69-215-8
PolicyType.Waypoint,124.69.7.217/32,124-69-215-106,124-69-215-106,PolicyStatus.HOLDS,{9},{124-69-215-71:LoopBack0 (124.69.7.217/32)},124-69-215-106
PolicyType.Waypoint,124.69.7.207/32,124-69-215-145,124-69-215-145,PolicyStatus.HOLDS,{9},{124-69-215-8:LoopBack0 (124.69.7.207/32)},124-69-215-145
PolicyType.Waypoint,124.69.7.207/32,124-69-215-71,124-69-215-71,PolicyStatus.HOLDS,{9},{124-69-215-8:LoopBack0 (124.69.7.207/32)},124-69-215-71
PolicyType.Waypoint,124.69.7.207/32,124-69-215-71,124-69-215-145,PolicyStatus.HOLDS,{9},{124-69-215-8:LoopBack0 (124.69.7.207/32)},124-69-215-145
PolicyType.Waypoint,124.69.7.207/32,124-69-215-71,124-69-215-106,PolicyStatus.HOLDS,{9},{124-69-215-8:LoopBack0 (124.69.7.207/32)},124-69-215-106
PolicyType.Waypoint,124.69.7.207/32,124-69-215-106,124-69-215-106,PolicyStatus.HOLDS,{9},{124-69-215-8:LoopBack0 (124.69.7.207/32)},124-69-215-106
PolicyType.Waypoint,124.69.7.160/32,124-69-215-145,124-69-215-71,PolicyStatus.HOLDS,{9},{124-69-215-145:LoopBack0 (124.69.7.160/32)},124-69-215-71
PolicyType.Waypoint,124.69.7.160/32,124-69-215-145,124-69-215-106,PolicyStatus.HOLDS,{9},{124-69-215-145:LoopBack0 (124.69.7.160/32)},124-69-215-106
PolicyType.Waypoint,124.69.7.160/32,124-69-215-145,124-69-215-8,PolicyStatus.HOLDS,{9},{124-69-215-145:LoopBack0 (124.69.7.160/32)},124-69-215-8
PolicyType.Waypoint,124.69.7.160/32,124-69-215-71,124-69-215-71,PolicyStatus.HOLDS,{9},{124-69-215-145:LoopBack0 (124.69.7.160/32)},124-69-215-71
PolicyType.Waypoint,124.69.7.160/32,124-69-215-71,124-69-215-106,PolicyStatus.HOLDS,{9},{124-69-215-145:LoopBack0 (124.69.7.160/32)},124-69-215-106
PolicyType.Waypoint,124.69.7.160/32,124-69-215-71,124-69-215-8,PolicyStatus.HOLDS,{9},{124-69-215-145:LoopBack0 (124.69.7.160/32)},124-69-215-8
PolicyType.Waypoint,124.69.7.160/32,124-69-215-106,124-69-215-106,PolicyStatus.HOLDS,{9},{124-69-215-145:LoopBack0 (124.69.7.160/32)},124-69-215-106
PolicyType.Waypoint,23.146.32.255/32,124-69-215-145,124-69-215-145,PolicyStatus.HOLDS,{9},{124-69-215-71:Vlanif602 (23.146.32.255/32)},124-69-215-145
PolicyType.Waypoint,23.146.32.255/32,124-69-215-71,124-69-215-145,PolicyStatus.HOLDS,{9},{124-69-215-71:Vlanif602 (23.146.32.255/32)},124-69-215-145
PolicyType.Waypoint,23.146.32.255/32,124-69-215-71,124-69-215-106,PolicyStatus.HOLDS,{9},{124-69-215-71:Vlanif602 (23.146.32.255/32)},124-69-215-106
PolicyType.Waypoint,23.146.32.255/32,124-69-215-71,124-69-215-8,PolicyStatus.HOLDS,{9},{124-69-215-71:Vlanif602 (23.146.32.255/32)},124-69-215-8
PolicyType.Waypoint,23.146.32.255/32,124-69-215-106,124-69-215-106,PolicyStatus.HOLDS,{9},{124-69-215-71:Vlanif602 (23.146.32.255/32)},124-69-215-106
PolicyType.Waypoint,23.146.32.254/32,124-69-215-145,124-69-215-145,PolicyStatus.HOLDS,{9},{124-69-215-71:Vlanif602 (23.146.32.254/32)},124-69-215-145
PolicyType.Waypoint,23.146.32.254/32,124-69-215-71,124-69-215-145,PolicyStatus.HOLDS,{9},{124-69-215-71:Vlanif602 (23.146.32.254/32)},124-69-215-145
PolicyType.Waypoint,23.146.32.254/32,124-69-215-71,124-69-215-106,PolicyStatus.HOLDS,{9},{124-69-215-71:Vlanif602 (23.146.32.254/32)},124-69-215-106
PolicyType.Waypoint,23.146.32.254/32,124-69-215-71,124-69-215-8,PolicyStatus.HOLDS,{9},{124-69-215-71:Vlanif602 (23.146.32.254/32)},124-69-215-8
PolicyType.Waypoint,23.146.32.254/32,124-69-215-106,124-69-215-106,PolicyStatus.HOLDS,{9},{124-69-215-71:Vlanif602 (23.146.32.254/32)},124-69-215-106
PolicyType.Waypoint,23.146.0.0/19,124-69-215-145,124-69-215-145,PolicyStatus.HOLDS,{9},{124-69-215-71:Vlanif602 (23.146.0.0/19)},124-69-215-145
PolicyType.Waypoint,23.146.0.0/19,124-69-215-71,124-69-215-145,PolicyStatus.HOLDS,{9},{124-69-215-71:Vlanif602 (23.146.0.0/19)},124-69-215-145
PolicyType.Waypoint,23.146.0.0/19,124-69-215-71,124-69-215-106,PolicyStatus.HOLDS,{9},{124-69-215-71:Vlanif602 (23.146.0.0/19)},124-69-215-106
PolicyType.Waypoint,23.146.0.0/19,124-69-215-71,124-69-215-8,PolicyStatus.HOLDS,{9},{124-69-215-71:Vlanif602 (23.146.0.0/19)},124-69-215-8
PolicyType.Waypoint,23.146.0.0/19,124-69-215-106,124-69-215-106,PolicyStatus.HOLDS,{9},{124-69-215-71:Vlanif602 (23.146.0.0/19)},124-69-215-106
